title,permalink,body,published_at,filter,categories,tags,jenis,brand,description,image,image1,image2,image3,image4,image5,product,price,hargadropship,minimalprice,sku,kondisi
Jual Kaos Raglan 3/4 Anak Laki-Laki - CPS 052 Murah,cps-052,"
     <div class=""product-details""><!--product-details-->
      <div class=""col-sm-5"">
       <div class=""view-product"">
        <img src=""{{ page.image }}"" alt=""{{ page.product }}"" title=""{{ page.product }}"" />
        <h3><a style=""text-decoration: none; color: #ffffff"" href=""{{ page.image }}"" target=""_blank"" title=""Klik disini untuk memperbesar"">ZOOM</a></h3>
       </div>
      </div>

      <div class=""col-sm-7"">
       <div class=""product-information""><!--/product-information-->
        <h1>{{ page.product }}</h1>
        <p>SKU: {{ page.sku }}</p>
        <img src=""{{ site.url }}/img/rating.png"" alt=""rating"" title=""rating"" /><br>
        <span>
         <span>{{ page.price }}</span>        
         <label>Beli:<a href=""{{ site.url }}/beli"" target=""_blank"" title=""Beli Sekarang"">
           <script type=""text/javascript"">
   <!--
   document.write(unescape('%3c%62%75%74%74%6f%6e%20%74%79%70%65%3d%22%62%75%74%74%6f%6e%22%20%63%6c%61%73%73%3d%22%62%74%6e%20%62%74%6e%2d%66%65%66%61%75%6c%74%20%63%61%72%74%22%3e%0d%0a%09%3c%69%20%63%6c%61%73%73%3d%22%66%61%20%66%61%2d%73%68%6f%70%70%69%6e%67%2d%63%61%72%74%22%3e%3c%2f%69%3e%0d%0a%09%42%65%6c%69%20%53%65%6b%61%72%61%6e%67%0d%0a%3c%2f%62%75%74%74%6f%6e%3e'));
   //-->
   </script>
          </a>
         </label>
        </span>
        {% include dropship-login.html %} 
        <p><b>Kondisi:</b> {{ page.kondisi }}</p>
        <p><b>Deskripsi:</b> {{ page.description }}</p>
        {% include shareit.html %}
       </div><!--/product-information-->
      </div>
     </div><!--/product-details-->
     
     <div class=""category-tab shop-details-tab""><!--category-tab-->
      <div class=""col-sm-12"">
       <ul class=""nav nav-tabs"">
        <li class=""active""><a href=""{{ site.url }}{{ page.url }}#keterangan"" data-toggle=""tab"" title=""Keterangan"">Keterangan</a></li>        
       </ul>
      </div>
      <div class=""tab-content"">
       <div class=""tab-pane fade active in"" id=""keterangan"" >
        <div class=""col-sm-12"">
         <h2>{{ page.product }}</h2>         
         <ol class=""breadcrumb"">
            <li class=""active"">Tag :</li>
            <li><a href=""{{ site.url }}/{{ page.jenis }}"" title=""{{ page.jenis }}"">{{ page.jenis }}</a></li>
            <li><a href=""{{ site.url }}/{{ page.brand }}"" title=""{{ page.brand }}"">{{ page.brand }}</a></li>  
         </ol>         
         <p>Kaos Raglan 3/4 Anak Laki-Laki - CPS 052 adalah salah satu produk merek Catenzo Junior. Produk fashion handmade asal Bandung yang nyaman digunakan dan tidak pasaran. Cocok untuk anak Anda agar terlihat lebih gaya, tampil berbeda dan percaya diri. <br/>Kode : CPS 052<br/>Warna : ABU MISTY<br/>Bahan : COTTON<br/>Ukuran : 2 ~ 8<br/>Berat : 300 gram<br/>Info Lainnya = -<br/>Yuk dibeli kak sebelum kehabisan. Sebelum membeli, harap cek/konfirmasi stok dulu ya kak, karena perputaran barang sangat cepat.<br>
         </p>

         <p style=""background-color: #5cb85c; color: #ffffff; padding: 5px; text-align: justify; display: inline-block; box-shadow: 0 1px 3px rgba(0,0,0,0.12), 0 1px 2px rgba(0,0,0,0.24);"">
         Gudang : WRH-1<br>
         Lokasi : Bandung</p>

         {% include disqus.html %}
         
        </div>
       </div>       
       
      </div>
     </div><!--/category-tab-->",2019-01-18,html,kaos-anak-laki-laki,catenzo-junior,kaos-anak-laki-laki,catenzo-junior,"Kaos Anak Laki-Laki Bahan COTTON, Warna ABU MISTY, Size 2 ~ 8",https://images.lipatan.com/katalog-catenzo-junior-2019/foto-produk-satuan/cps-052.jpg,-/-,-/-,-/-,-/-,-/-,Kaos Raglan 3/4 Anak Laki-Laki - CPS 052,Rp 104.900,Rp 84.900,Rp 93.900,CPS 052,Baru
Jual Kaos Casual Anak Laki-Laki - CPS 049 Murah,cps-049,"
     <div class=""product-details""><!--product-details-->
      <div class=""col-sm-5"">
       <div class=""view-product"">
        <img src=""{{ page.image }}"" alt=""{{ page.product }}"" title=""{{ page.product }}"" />
        <h3><a style=""text-decoration: none; color: #ffffff"" href=""{{ page.image }}"" target=""_blank"" title=""Klik disini untuk memperbesar"">ZOOM</a></h3>
       </div>
      </div>

      <div class=""col-sm-7"">
       <div class=""product-information""><!--/product-information-->
        <h1>{{ page.product }}</h1>
        <p>SKU: {{ page.sku }}</p>
        <img src=""{{ site.url }}/img/rating.png"" alt=""rating"" title=""rating"" /><br>
        <span>
         <span>{{ page.price }}</span>        
         <label>Beli:<a href=""{{ site.url }}/beli"" target=""_blank"" title=""Beli Sekarang"">
           <script type=""text/javascript"">
   <!--
   document.write(unescape('%3c%62%75%74%74%6f%6e%20%74%79%70%65%3d%22%62%75%74%74%6f%6e%22%20%63%6c%61%73%73%3d%22%62%74%6e%20%62%74%6e%2d%66%65%66%61%75%6c%74%20%63%61%72%74%22%3e%0d%0a%09%3c%69%20%63%6c%61%73%73%3d%22%66%61%20%66%61%2d%73%68%6f%70%70%69%6e%67%2d%63%61%72%74%22%3e%3c%2f%69%3e%0d%0a%09%42%65%6c%69%20%53%65%6b%61%72%61%6e%67%0d%0a%3c%2f%62%75%74%74%6f%6e%3e'));
   //-->
   </script>
          </a>
         </label>
        </span>
        {% include dropship-login.html %} 
        <p><b>Kondisi:</b> {{ page.kondisi }}</p>
        <p><b>Deskripsi:</b> {{ page.description }}</p>
        {% include shareit.html %}
       </div><!--/product-information-->
      </div>
     </div><!--/product-details-->
     
     <div class=""category-tab shop-details-tab""><!--category-tab-->
      <div class=""col-sm-12"">
       <ul class=""nav nav-tabs"">
        <li class=""active""><a href=""{{ site.url }}{{ page.url }}#keterangan"" data-toggle=""tab"" title=""Keterangan"">Keterangan</a></li>        
       </ul>
      </div>
      <div class=""tab-content"">
       <div class=""tab-pane fade active in"" id=""keterangan"" >
        <div class=""col-sm-12"">
         <h2>{{ page.product }}</h2>         
         <ol class=""breadcrumb"">
            <li class=""active"">Tag :</li>
            <li><a href=""{{ site.url }}/{{ page.jenis }}"" title=""{{ page.jenis }}"">{{ page.jenis }}</a></li>
            <li><a href=""{{ site.url }}/{{ page.brand }}"" title=""{{ page.brand }}"">{{ page.brand }}</a></li>  
         </ol>         
         <p>Kaos Casual Anak Laki-Laki - CPS 049 adalah salah satu produk merek Catenzo Junior. Produk fashion handmade asal Bandung yang nyaman digunakan dan tidak pasaran. Cocok untuk anak Anda agar terlihat lebih gaya, tampil berbeda dan percaya diri. <br/>Kode : CPS 049<br/>Warna : BIRU NAVY<br/>Bahan : COTTON<br/>Ukuran : 2 ~ 8<br/>Berat : 300 gram<br/>Info Lainnya = -<br/>Yuk dibeli kak sebelum kehabisan. Sebelum membeli, harap cek/konfirmasi stok dulu ya kak, karena perputaran barang sangat cepat.<br>
         </p>

         <p style=""background-color: #5cb85c; color: #ffffff; padding: 5px; text-align: justify; display: inline-block; box-shadow: 0 1px 3px rgba(0,0,0,0.12), 0 1px 2px rgba(0,0,0,0.24);"">
         Gudang : WRH-1<br>
         Lokasi : Bandung</p>

         {% include disqus.html %}
         
        </div>
       </div>       
       
      </div>
     </div><!--/category-tab-->",2019-01-18,html,kaos-anak-laki-laki,catenzo-junior,kaos-anak-laki-laki,catenzo-junior,"Kaos Anak Laki-Laki Bahan COTTON, Warna BIRU NAVY, Size 2 ~ 8",https://images.lipatan.com/katalog-catenzo-junior-2019/foto-produk-satuan/cps-049.jpg,-/-,-/-,-/-,-/-,-/-,Kaos Casual Anak Laki-Laki - CPS 049,Rp 96.900,Rp 78.900,Rp 86.900,CPS 049,Baru
Jual Kaos Casual Anak Laki-Laki - CPS 058 Murah,cps-058,"
     <div class=""product-details""><!--product-details-->
      <div class=""col-sm-5"">
       <div class=""view-product"">
        <img src=""{{ page.image }}"" alt=""{{ page.product }}"" title=""{{ page.product }}"" />
        <h3><a style=""text-decoration: none; color: #ffffff"" href=""{{ page.image }}"" target=""_blank"" title=""Klik disini untuk memperbesar"">ZOOM</a></h3>
       </div>
      </div>

      <div class=""col-sm-7"">
       <div class=""product-information""><!--/product-information-->
        <h1>{{ page.product }}</h1>
        <p>SKU: {{ page.sku }}</p>
        <img src=""{{ site.url }}/img/rating.png"" alt=""rating"" title=""rating"" /><br>
        <span>
         <span>{{ page.price }}</span>        
         <label>Beli:<a href=""{{ site.url }}/beli"" target=""_blank"" title=""Beli Sekarang"">
           <script type=""text/javascript"">
   <!--
   document.write(unescape('%3c%62%75%74%74%6f%6e%20%74%79%70%65%3d%22%62%75%74%74%6f%6e%22%20%63%6c%61%73%73%3d%22%62%74%6e%20%62%74%6e%2d%66%65%66%61%75%6c%74%20%63%61%72%74%22%3e%0d%0a%09%3c%69%20%63%6c%61%73%73%3d%22%66%61%20%66%61%2d%73%68%6f%70%70%69%6e%67%2d%63%61%72%74%22%3e%3c%2f%69%3e%0d%0a%09%42%65%6c%69%20%53%65%6b%61%72%61%6e%67%0d%0a%3c%2f%62%75%74%74%6f%6e%3e'));
   //-->
   </script>
          </a>
         </label>
        </span>
        {% include dropship-login.html %} 
        <p><b>Kondisi:</b> {{ page.kondisi }}</p>
        <p><b>Deskripsi:</b> {{ page.description }}</p>
        {% include shareit.html %}
       </div><!--/product-information-->
      </div>
     </div><!--/product-details-->
     
     <div class=""category-tab shop-details-tab""><!--category-tab-->
      <div class=""col-sm-12"">
       <ul class=""nav nav-tabs"">
        <li class=""active""><a href=""{{ site.url }}{{ page.url }}#keterangan"" data-toggle=""tab"" title=""Keterangan"">Keterangan</a></li>        
       </ul>
      </div>
      <div class=""tab-content"">
       <div class=""tab-pane fade active in"" id=""keterangan"" >
        <div class=""col-sm-12"">
         <h2>{{ page.product }}</h2>         
         <ol class=""breadcrumb"">
            <li class=""active"">Tag :</li>
            <li><a href=""{{ site.url }}/{{ page.jenis }}"" title=""{{ page.jenis }}"">{{ page.jenis }}</a></li>
            <li><a href=""{{ site.url }}/{{ page.brand }}"" title=""{{ page.brand }}"">{{ page.brand }}</a></li>  
         </ol>         
         <p>Kaos Casual Anak Laki-Laki - CPS 058 adalah salah satu produk merek Catenzo Junior. Produk fashion handmade asal Bandung yang nyaman digunakan dan tidak pasaran. Cocok untuk anak Anda agar terlihat lebih gaya, tampil berbeda dan percaya diri. <br/>Kode : CPS 058<br/>Warna : HITAM<br/>Bahan : COTTON<br/>Ukuran : 2 ~ 8<br/>Berat : 300 gram<br/>Info Lainnya = -<br/>Yuk dibeli kak sebelum kehabisan. Sebelum membeli, harap cek/konfirmasi stok dulu ya kak, karena perputaran barang sangat cepat.<br>
         </p>

         <p style=""background-color: #5cb85c; color: #ffffff; padding: 5px; text-align: justify; display: inline-block; box-shadow: 0 1px 3px rgba(0,0,0,0.12), 0 1px 2px rgba(0,0,0,0.24);"">
         Gudang : WRH-1<br>
         Lokasi : Bandung</p>

         {% include disqus.html %}
         
        </div>
       </div>       
       
      </div>
     </div><!--/category-tab-->",2019-01-18,html,kaos-anak-laki-laki,catenzo-junior,kaos-anak-laki-laki,catenzo-junior,"Kaos Anak Laki-Laki Bahan COTTON, Warna HITAM, Size 2 ~ 8",https://images.lipatan.com/katalog-catenzo-junior-2019/foto-produk-satuan/cps-058.jpg,-/-,-/-,-/-,-/-,-/-,Kaos Casual Anak Laki-Laki - CPS 058,Rp 96.900,Rp 78.900,Rp 86.900,CPS 058,Baru
Jual Kaos Raglan 3/4 Anak Laki-Laki - CPS 063 Murah,cps-063,"
     <div class=""product-details""><!--product-details-->
      <div class=""col-sm-5"">
       <div class=""view-product"">
        <img src=""{{ page.image }}"" alt=""{{ page.product }}"" title=""{{ page.product }}"" />
        <h3><a style=""text-decoration: none; color: #ffffff"" href=""{{ page.image }}"" target=""_blank"" title=""Klik disini untuk memperbesar"">ZOOM</a></h3>
       </div>
      </div>

      <div class=""col-sm-7"">
       <div class=""product-information""><!--/product-information-->
        <h1>{{ page.product }}</h1>
        <p>SKU: {{ page.sku }}</p>
        <img src=""{{ site.url }}/img/rating.png"" alt=""rating"" title=""rating"" /><br>
        <span>
         <span>{{ page.price }}</span>        
         <label>Beli:<a href=""{{ site.url }}/beli"" target=""_blank"" title=""Beli Sekarang"">
           <script type=""text/javascript"">
   <!--
   document.write(unescape('%3c%62%75%74%74%6f%6e%20%74%79%70%65%3d%22%62%75%74%74%6f%6e%22%20%63%6c%61%73%73%3d%22%62%74%6e%20%62%74%6e%2d%66%65%66%61%75%6c%74%20%63%61%72%74%22%3e%0d%0a%09%3c%69%20%63%6c%61%73%73%3d%22%66%61%20%66%61%2d%73%68%6f%70%70%69%6e%67%2d%63%61%72%74%22%3e%3c%2f%69%3e%0d%0a%09%42%65%6c%69%20%53%65%6b%61%72%61%6e%67%0d%0a%3c%2f%62%75%74%74%6f%6e%3e'));
   //-->
   </script>
          </a>
         </label>
        </span>
        {% include dropship-login.html %} 
        <p><b>Kondisi:</b> {{ page.kondisi }}</p>
        <p><b>Deskripsi:</b> {{ page.description }}</p>
        {% include shareit.html %}
       </div><!--/product-information-->
      </div>
     </div><!--/product-details-->
     
     <div class=""category-tab shop-details-tab""><!--category-tab-->
      <div class=""col-sm-12"">
       <ul class=""nav nav-tabs"">
        <li class=""active""><a href=""{{ site.url }}{{ page.url }}#keterangan"" data-toggle=""tab"" title=""Keterangan"">Keterangan</a></li>        
       </ul>
      </div>
      <div class=""tab-content"">
       <div class=""tab-pane fade active in"" id=""keterangan"" >
        <div class=""col-sm-12"">
         <h2>{{ page.product }}</h2>         
         <ol class=""breadcrumb"">
            <li class=""active"">Tag :</li>
            <li><a href=""{{ site.url }}/{{ page.jenis }}"" title=""{{ page.jenis }}"">{{ page.jenis }}</a></li>
            <li><a href=""{{ site.url }}/{{ page.brand }}"" title=""{{ page.brand }}"">{{ page.brand }}</a></li>  
         </ol>         
         <p>Kaos Raglan 3/4 Anak Laki-Laki - CPS 063 adalah salah satu produk merek Catenzo Junior. Produk fashion handmade asal Bandung yang nyaman digunakan dan tidak pasaran. Cocok untuk anak Anda agar terlihat lebih gaya, tampil berbeda dan percaya diri. <br/>Kode : CPS 063<br/>Warna : PUTIH<br/>Bahan : COTTON<br/>Ukuran : 2 ~ 8<br/>Berat : 300 gram<br/>Info Lainnya = -<br/>Yuk dibeli kak sebelum kehabisan. Sebelum membeli, harap cek/konfirmasi stok dulu ya kak, karena perputaran barang sangat cepat.<br>
         </p>

         <p style=""background-color: #5cb85c; color: #ffffff; padding: 5px; text-align: justify; display: inline-block; box-shadow: 0 1px 3px rgba(0,0,0,0.12), 0 1px 2px rgba(0,0,0,0.24);"">
         Gudang : WRH-1<br>
         Lokasi : Bandung</p>

         {% include disqus.html %}
         
        </div>
       </div>       
       
      </div>
     </div><!--/category-tab-->",2019-01-18,html,kaos-anak-laki-laki,catenzo-junior,kaos-anak-laki-laki,catenzo-junior,"Kaos Anak Laki-Laki Bahan COTTON, Warna PUTIH, Size 2 ~ 8",https://images.lipatan.com/katalog-catenzo-junior-2019/foto-produk-satuan/cps-063.jpg,-/-,-/-,-/-,-/-,-/-,Kaos Raglan 3/4 Anak Laki-Laki - CPS 063,Rp 96.900,Rp 78.900,Rp 86.900,CPS 063,Baru
Jual Kaos Pendek Anak Laki-Laki - CPS 079 Murah,cps-079,"
     <div class=""product-details""><!--product-details-->
      <div class=""col-sm-5"">
       <div class=""view-product"">
        <img src=""{{ page.image }}"" alt=""{{ page.product }}"" title=""{{ page.product }}"" />
        <h3><a style=""text-decoration: none; color: #ffffff"" href=""{{ page.image }}"" target=""_blank"" title=""Klik disini untuk memperbesar"">ZOOM</a></h3>
       </div>
      </div>

      <div class=""col-sm-7"">
       <div class=""product-information""><!--/product-information-->
        <h1>{{ page.product }}</h1>
        <p>SKU: {{ page.sku }}</p>
        <img src=""{{ site.url }}/img/rating.png"" alt=""rating"" title=""rating"" /><br>
        <span>
         <span>{{ page.price }}</span>        
         <label>Beli:<a href=""{{ site.url }}/beli"" target=""_blank"" title=""Beli Sekarang"">
           <script type=""text/javascript"">
   <!--
   document.write(unescape('%3c%62%75%74%74%6f%6e%20%74%79%70%65%3d%22%62%75%74%74%6f%6e%22%20%63%6c%61%73%73%3d%22%62%74%6e%20%62%74%6e%2d%66%65%66%61%75%6c%74%20%63%61%72%74%22%3e%0d%0a%09%3c%69%20%63%6c%61%73%73%3d%22%66%61%20%66%61%2d%73%68%6f%70%70%69%6e%67%2d%63%61%72%74%22%3e%3c%2f%69%3e%0d%0a%09%42%65%6c%69%20%53%65%6b%61%72%61%6e%67%0d%0a%3c%2f%62%75%74%74%6f%6e%3e'));
   //-->
   </script>
          </a>
         </label>
        </span>
        {% include dropship-login.html %} 
        <p><b>Kondisi:</b> {{ page.kondisi }}</p>
        <p><b>Deskripsi:</b> {{ page.description }}</p>
        {% include shareit.html %}
       </div><!--/product-information-->
      </div>
     </div><!--/product-details-->
     
     <div class=""category-tab shop-details-tab""><!--category-tab-->
      <div class=""col-sm-12"">
       <ul class=""nav nav-tabs"">
        <li class=""active""><a href=""{{ site.url }}{{ page.url }}#keterangan"" data-toggle=""tab"" title=""Keterangan"">Keterangan</a></li>        
       </ul>
      </div>
      <div class=""tab-content"">
       <div class=""tab-pane fade active in"" id=""keterangan"" >
        <div class=""col-sm-12"">
         <h2>{{ page.product }}</h2>         
         <ol class=""breadcrumb"">
            <li class=""active"">Tag :</li>
            <li><a href=""{{ site.url }}/{{ page.jenis }}"" title=""{{ page.jenis }}"">{{ page.jenis }}</a></li>
            <li><a href=""{{ site.url }}/{{ page.brand }}"" title=""{{ page.brand }}"">{{ page.brand }}</a></li>  
         </ol>         
         <p>Kaos Pendek Anak Laki-Laki - CPS 079 adalah salah satu produk merek Catenzo Junior. Produk fashion handmade asal Bandung yang nyaman digunakan dan tidak pasaran. Cocok untuk anak Anda agar terlihat lebih gaya, tampil berbeda dan percaya diri. <br/>Kode : CPS 079<br/>Warna : BIRU NAVY<br/>Bahan : COTTON<br/>Ukuran : 2 ~ 8<br/>Berat : 300 gram<br/>Info Lainnya = -<br/>Yuk dibeli kak sebelum kehabisan. Sebelum membeli, harap cek/konfirmasi stok dulu ya kak, karena perputaran barang sangat cepat.<br>
         </p>

         <p style=""background-color: #5cb85c; color: #ffffff; padding: 5px; text-align: justify; display: inline-block; box-shadow: 0 1px 3px rgba(0,0,0,0.12), 0 1px 2px rgba(0,0,0,0.24);"">
         Gudang : WRH-1<br>
         Lokasi : Bandung</p>

         {% include disqus.html %}
         
        </div>
       </div>       
       
      </div>
     </div><!--/category-tab-->",2019-01-18,html,kaos-anak-laki-laki,catenzo-junior,kaos-anak-laki-laki,catenzo-junior,"Kaos Anak Laki-Laki Bahan COTTON, Warna BIRU NAVY, Size 2 ~ 8",https://images.lipatan.com/katalog-catenzo-junior-2019/foto-produk-satuan/cps-079.jpg,-/-,-/-,-/-,-/-,-/-,Kaos Pendek Anak Laki-Laki - CPS 079,Rp 102.900,Rp 83.900,Rp 91.900,CPS 079,Baru
Jual Kaos Pendek Anak Laki-Laki - CPS 075 Murah,cps-075,"
     <div class=""product-details""><!--product-details-->
      <div class=""col-sm-5"">
       <div class=""view-product"">
        <img src=""{{ page.image }}"" alt=""{{ page.product }}"" title=""{{ page.product }}"" />
        <h3><a style=""text-decoration: none; color: #ffffff"" href=""{{ page.image }}"" target=""_blank"" title=""Klik disini untuk memperbesar"">ZOOM</a></h3>
       </div>
      </div>

      <div class=""col-sm-7"">
       <div class=""product-information""><!--/product-information-->
        <h1>{{ page.product }}</h1>
        <p>SKU: {{ page.sku }}</p>
        <img src=""{{ site.url }}/img/rating.png"" alt=""rating"" title=""rating"" /><br>
        <span>
         <span>{{ page.price }}</span>        
         <label>Beli:<a href=""{{ site.url }}/beli"" target=""_blank"" title=""Beli Sekarang"">
           <script type=""text/javascript"">
   <!--
   document.write(unescape('%3c%62%75%74%74%6f%6e%20%74%79%70%65%3d%22%62%75%74%74%6f%6e%22%20%63%6c%61%73%73%3d%22%62%74%6e%20%62%74%6e%2d%66%65%66%61%75%6c%74%20%63%61%72%74%22%3e%0d%0a%09%3c%69%20%63%6c%61%73%73%3d%22%66%61%20%66%61%2d%73%68%6f%70%70%69%6e%67%2d%63%61%72%74%22%3e%3c%2f%69%3e%0d%0a%09%42%65%6c%69%20%53%65%6b%61%72%61%6e%67%0d%0a%3c%2f%62%75%74%74%6f%6e%3e'));
   //-->
   </script>
          </a>
         </label>
        </span>
        {% include dropship-login.html %} 
        <p><b>Kondisi:</b> {{ page.kondisi }}</p>
        <p><b>Deskripsi:</b> {{ page.description }}</p>
        {% include shareit.html %}
       </div><!--/product-information-->
      </div>
     </div><!--/product-details-->
     
     <div class=""category-tab shop-details-tab""><!--category-tab-->
      <div class=""col-sm-12"">
       <ul class=""nav nav-tabs"">
        <li class=""active""><a href=""{{ site.url }}{{ page.url }}#keterangan"" data-toggle=""tab"" title=""Keterangan"">Keterangan</a></li>        
       </ul>
      </div>
      <div class=""tab-content"">
       <div class=""tab-pane fade active in"" id=""keterangan"" >
        <div class=""col-sm-12"">
         <h2>{{ page.product }}</h2>         
         <ol class=""breadcrumb"">
            <li class=""active"">Tag :</li>
            <li><a href=""{{ site.url }}/{{ page.jenis }}"" title=""{{ page.jenis }}"">{{ page.jenis }}</a></li>
            <li><a href=""{{ site.url }}/{{ page.brand }}"" title=""{{ page.brand }}"">{{ page.brand }}</a></li>  
         </ol>         
         <p>Kaos Pendek Anak Laki-Laki - CPS 075 adalah salah satu produk merek Catenzo Junior. Produk fashion handmade asal Bandung yang nyaman digunakan dan tidak pasaran. Cocok untuk anak Anda agar terlihat lebih gaya, tampil berbeda dan percaya diri. <br/>Kode : CPS 075<br/>Warna : ORANGE<br/>Bahan : COTTON<br/>Ukuran : 2 ~ 8<br/>Berat : 300 gram<br/>Info Lainnya = -<br/>Yuk dibeli kak sebelum kehabisan. Sebelum membeli, harap cek/konfirmasi stok dulu ya kak, karena perputaran barang sangat cepat.<br>
         </p>

         <p style=""background-color: #5cb85c; color: #ffffff; padding: 5px; text-align: justify; display: inline-block; box-shadow: 0 1px 3px rgba(0,0,0,0.12), 0 1px 2px rgba(0,0,0,0.24);"">
         Gudang : WRH-1<br>
         Lokasi : Bandung</p>

         {% include disqus.html %}
         
        </div>
       </div>       
       
      </div>
     </div><!--/category-tab-->",2019-01-18,html,kaos-anak-laki-laki,catenzo-junior,kaos-anak-laki-laki,catenzo-junior,"Kaos Anak Laki-Laki Bahan COTTON, Warna ORANGE, Size 2 ~ 8",https://images.lipatan.com/katalog-catenzo-junior-2019/foto-produk-satuan/cps-075.jpg,-/-,-/-,-/-,-/-,-/-,Kaos Pendek Anak Laki-Laki - CPS 075,Rp 102.900,Rp 83.900,Rp 91.900,CPS 075,Baru
Jual Kaos Casual Anak Laki-Laki - CPS 059 Murah,cps-059,"
     <div class=""product-details""><!--product-details-->
      <div class=""col-sm-5"">
       <div class=""view-product"">
        <img src=""{{ page.image }}"" alt=""{{ page.product }}"" title=""{{ page.product }}"" />
        <h3><a style=""text-decoration: none; color: #ffffff"" href=""{{ page.image }}"" target=""_blank"" title=""Klik disini untuk memperbesar"">ZOOM</a></h3>
       </div>
      </div>

      <div class=""col-sm-7"">
       <div class=""product-information""><!--/product-information-->
        <h1>{{ page.product }}</h1>
        <p>SKU: {{ page.sku }}</p>
        <img src=""{{ site.url }}/img/rating.png"" alt=""rating"" title=""rating"" /><br>
        <span>
         <span>{{ page.price }}</span>        
         <label>Beli:<a href=""{{ site.url }}/beli"" target=""_blank"" title=""Beli Sekarang"">
           <script type=""text/javascript"">
   <!--
   document.write(unescape('%3c%62%75%74%74%6f%6e%20%74%79%70%65%3d%22%62%75%74%74%6f%6e%22%20%63%6c%61%73%73%3d%22%62%74%6e%20%62%74%6e%2d%66%65%66%61%75%6c%74%20%63%61%72%74%22%3e%0d%0a%09%3c%69%20%63%6c%61%73%73%3d%22%66%61%20%66%61%2d%73%68%6f%70%70%69%6e%67%2d%63%61%72%74%22%3e%3c%2f%69%3e%0d%0a%09%42%65%6c%69%20%53%65%6b%61%72%61%6e%67%0d%0a%3c%2f%62%75%74%74%6f%6e%3e'));
   //-->
   </script>
          </a>
         </label>
        </span>
        {% include dropship-login.html %} 
        <p><b>Kondisi:</b> {{ page.kondisi }}</p>
        <p><b>Deskripsi:</b> {{ page.description }}</p>
        {% include shareit.html %}
       </div><!--/product-information-->
      </div>
     </div><!--/product-details-->
     
     <div class=""category-tab shop-details-tab""><!--category-tab-->
      <div class=""col-sm-12"">
       <ul class=""nav nav-tabs"">
        <li class=""active""><a href=""{{ site.url }}{{ page.url }}#keterangan"" data-toggle=""tab"" title=""Keterangan"">Keterangan</a></li>        
       </ul>
      </div>
      <div class=""tab-content"">
       <div class=""tab-pane fade active in"" id=""keterangan"" >
        <div class=""col-sm-12"">
         <h2>{{ page.product }}</h2>         
         <ol class=""breadcrumb"">
            <li class=""active"">Tag :</li>
            <li><a href=""{{ site.url }}/{{ page.jenis }}"" title=""{{ page.jenis }}"">{{ page.jenis }}</a></li>
            <li><a href=""{{ site.url }}/{{ page.brand }}"" title=""{{ page.brand }}"">{{ page.brand }}</a></li>  
         </ol>         
         <p>Kaos Casual Anak Laki-Laki - CPS 059 adalah salah satu produk merek Catenzo Junior. Produk fashion handmade asal Bandung yang nyaman digunakan dan tidak pasaran. Cocok untuk anak Anda agar terlihat lebih gaya, tampil berbeda dan percaya diri. <br/>Kode : CPS 059<br/>Warna : HITAM<br/>Bahan : COTTON<br/>Ukuran : 2 ~ 8<br/>Berat : 300 gram<br/>Info Lainnya = -<br/>Yuk dibeli kak sebelum kehabisan. Sebelum membeli, harap cek/konfirmasi stok dulu ya kak, karena perputaran barang sangat cepat.<br>
         </p>

         <p style=""background-color: #5cb85c; color: #ffffff; padding: 5px; text-align: justify; display: inline-block; box-shadow: 0 1px 3px rgba(0,0,0,0.12), 0 1px 2px rgba(0,0,0,0.24);"">
         Gudang : WRH-1<br>
         Lokasi : Bandung</p>

         {% include disqus.html %}
         
        </div>
       </div>       
       
      </div>
     </div><!--/category-tab-->",2019-01-18,html,kaos-anak-laki-laki,catenzo-junior,kaos-anak-laki-laki,catenzo-junior,"Kaos Anak Laki-Laki Bahan COTTON, Warna HITAM, Size 2 ~ 8",https://images.lipatan.com/katalog-catenzo-junior-2019/foto-produk-satuan/cps-059.jpg,-/-,-/-,-/-,-/-,-/-,Kaos Casual Anak Laki-Laki - CPS 059,Rp 102.900,Rp 83.900,Rp 91.900,CPS 059,Baru
Jual Kaos Pendek Anak Laki-Laki - CPS 069 Murah,cps-069,"
     <div class=""product-details""><!--product-details-->
      <div class=""col-sm-5"">
       <div class=""view-product"">
        <img src=""{{ page.image }}"" alt=""{{ page.product }}"" title=""{{ page.product }}"" />
        <h3><a style=""text-decoration: none; color: #ffffff"" href=""{{ page.image }}"" target=""_blank"" title=""Klik disini untuk memperbesar"">ZOOM</a></h3>
       </div>
      </div>

      <div class=""col-sm-7"">
       <div class=""product-information""><!--/product-information-->
        <h1>{{ page.product }}</h1>
        <p>SKU: {{ page.sku }}</p>
        <img src=""{{ site.url }}/img/rating.png"" alt=""rating"" title=""rating"" /><br>
        <span>
         <span>{{ page.price }}</span>        
         <label>Beli:<a href=""{{ site.url }}/beli"" target=""_blank"" title=""Beli Sekarang"">
           <script type=""text/javascript"">
   <!--
   document.write(unescape('%3c%62%75%74%74%6f%6e%20%74%79%70%65%3d%22%62%75%74%74%6f%6e%22%20%63%6c%61%73%73%3d%22%62%74%6e%20%62%74%6e%2d%66%65%66%61%75%6c%74%20%63%61%72%74%22%3e%0d%0a%09%3c%69%20%63%6c%61%73%73%3d%22%66%61%20%66%61%2d%73%68%6f%70%70%69%6e%67%2d%63%61%72%74%22%3e%3c%2f%69%3e%0d%0a%09%42%65%6c%69%20%53%65%6b%61%72%61%6e%67%0d%0a%3c%2f%62%75%74%74%6f%6e%3e'));
   //-->
   </script>
          </a>
         </label>
        </span>
        {% include dropship-login.html %} 
        <p><b>Kondisi:</b> {{ page.kondisi }}</p>
        <p><b>Deskripsi:</b> {{ page.description }}</p>
        {% include shareit.html %}
       </div><!--/product-information-->
      </div>
     </div><!--/product-details-->
     
     <div class=""category-tab shop-details-tab""><!--category-tab-->
      <div class=""col-sm-12"">
       <ul class=""nav nav-tabs"">
        <li class=""active""><a href=""{{ site.url }}{{ page.url }}#keterangan"" data-toggle=""tab"" title=""Keterangan"">Keterangan</a></li>        
       </ul>
      </div>
      <div class=""tab-content"">
       <div class=""tab-pane fade active in"" id=""keterangan"" >
        <div class=""col-sm-12"">
         <h2>{{ page.product }}</h2>         
         <ol class=""breadcrumb"">
            <li class=""active"">Tag :</li>
            <li><a href=""{{ site.url }}/{{ page.jenis }}"" title=""{{ page.jenis }}"">{{ page.jenis }}</a></li>
            <li><a href=""{{ site.url }}/{{ page.brand }}"" title=""{{ page.brand }}"">{{ page.brand }}</a></li>  
         </ol>         
         <p>Kaos Pendek Anak Laki-Laki - CPS 069 adalah salah satu produk merek Catenzo Junior. Produk fashion handmade asal Bandung yang nyaman digunakan dan tidak pasaran. Cocok untuk anak Anda agar terlihat lebih gaya, tampil berbeda dan percaya diri. <br/>Kode : CPS 069<br/>Warna : KUNING<br/>Bahan : COTTON<br/>Ukuran : 2 ~ 8<br/>Berat : 300 gram<br/>Info Lainnya = -<br/>Yuk dibeli kak sebelum kehabisan. Sebelum membeli, harap cek/konfirmasi stok dulu ya kak, karena perputaran barang sangat cepat.<br>
         </p>

         <p style=""background-color: #5cb85c; color: #ffffff; padding: 5px; text-align: justify; display: inline-block; box-shadow: 0 1px 3px rgba(0,0,0,0.12), 0 1px 2px rgba(0,0,0,0.24);"">
         Gudang : WRH-1<br>
         Lokasi : Bandung</p>

         {% include disqus.html %}
         
        </div>
       </div>       
       
      </div>
     </div><!--/category-tab-->",2019-01-18,html,kaos-anak-laki-laki,catenzo-junior,kaos-anak-laki-laki,catenzo-junior,"Kaos Anak Laki-Laki Bahan COTTON, Warna KUNING, Size 2 ~ 8",https://images.lipatan.com/katalog-catenzo-junior-2019/foto-produk-satuan/cps-069.jpg,-/-,-/-,-/-,-/-,-/-,Kaos Pendek Anak Laki-Laki - CPS 069,Rp 96.900,Rp 78.900,Rp 86.900,CPS 069,Baru
Jual Kaos Casual Anak Laki-Laki - CPS 007 Murah,cps-007,"
     <div class=""product-details""><!--product-details-->
      <div class=""col-sm-5"">
       <div class=""view-product"">
        <img src=""{{ page.image }}"" alt=""{{ page.product }}"" title=""{{ page.product }}"" />
        <h3><a style=""text-decoration: none; color: #ffffff"" href=""{{ page.image }}"" target=""_blank"" title=""Klik disini untuk memperbesar"">ZOOM</a></h3>
       </div>
      </div>

      <div class=""col-sm-7"">
       <div class=""product-information""><!--/product-information-->
        <h1>{{ page.product }}</h1>
        <p>SKU: {{ page.sku }}</p>
        <img src=""{{ site.url }}/img/rating.png"" alt=""rating"" title=""rating"" /><br>
        <span>
         <span>{{ page.price }}</span>        
         <label>Beli:<a href=""{{ site.url }}/beli"" target=""_blank"" title=""Beli Sekarang"">
           <script type=""text/javascript"">
   <!--
   document.write(unescape('%3c%62%75%74%74%6f%6e%20%74%79%70%65%3d%22%62%75%74%74%6f%6e%22%20%63%6c%61%73%73%3d%22%62%74%6e%20%62%74%6e%2d%66%65%66%61%75%6c%74%20%63%61%72%74%22%3e%0d%0a%09%3c%69%20%63%6c%61%73%73%3d%22%66%61%20%66%61%2d%73%68%6f%70%70%69%6e%67%2d%63%61%72%74%22%3e%3c%2f%69%3e%0d%0a%09%42%65%6c%69%20%53%65%6b%61%72%61%6e%67%0d%0a%3c%2f%62%75%74%74%6f%6e%3e'));
   //-->
   </script>
          </a>
         </label>
        </span>
        {% include dropship-login.html %} 
        <p><b>Kondisi:</b> {{ page.kondisi }}</p>
        <p><b>Deskripsi:</b> {{ page.description }}</p>
        {% include shareit.html %}
       </div><!--/product-information-->
      </div>
     </div><!--/product-details-->
     
     <div class=""category-tab shop-details-tab""><!--category-tab-->
      <div class=""col-sm-12"">
       <ul class=""nav nav-tabs"">
        <li class=""active""><a href=""{{ site.url }}{{ page.url }}#keterangan"" data-toggle=""tab"" title=""Keterangan"">Keterangan</a></li>        
       </ul>
      </div>
      <div class=""tab-content"">
       <div class=""tab-pane fade active in"" id=""keterangan"" >
        <div class=""col-sm-12"">
         <h2>{{ page.product }}</h2>         
         <ol class=""breadcrumb"">
            <li class=""active"">Tag :</li>
            <li><a href=""{{ site.url }}/{{ page.jenis }}"" title=""{{ page.jenis }}"">{{ page.jenis }}</a></li>
            <li><a href=""{{ site.url }}/{{ page.brand }}"" title=""{{ page.brand }}"">{{ page.brand }}</a></li>  
         </ol>         
         <p>Kaos Casual Anak Laki-Laki - CPS 007 adalah salah satu produk merek Catenzo Junior. Produk fashion handmade asal Bandung yang nyaman digunakan dan tidak pasaran. Cocok untuk anak Anda agar terlihat lebih gaya, tampil berbeda dan percaya diri. <br/>Kode : CPS 007<br/>Warna : BIRU<br/>Bahan : COTTON<br/>Ukuran : 2 ~ 8<br/>Berat : 300 gram<br/>Info Lainnya = -<br/>Yuk dibeli kak sebelum kehabisan. Sebelum membeli, harap cek/konfirmasi stok dulu ya kak, karena perputaran barang sangat cepat.<br>
         </p>

         <p style=""background-color: #5cb85c; color: #ffffff; padding: 5px; text-align: justify; display: inline-block; box-shadow: 0 1px 3px rgba(0,0,0,0.12), 0 1px 2px rgba(0,0,0,0.24);"">
         Gudang : WRH-1<br>
         Lokasi : Bandung</p>

         {% include disqus.html %}
         
        </div>
       </div>       
       
      </div>
     </div><!--/category-tab-->",2019-01-18,html,kaos-anak-laki-laki,catenzo-junior,kaos-anak-laki-laki,catenzo-junior,"Kaos Anak Laki-Laki Bahan COTTON, Warna BIRU, Size 2 ~ 8",https://images.lipatan.com/katalog-catenzo-junior-2019/foto-produk-satuan/cps-007.jpg,-/-,-/-,-/-,-/-,-/-,Kaos Casual Anak Laki-Laki - CPS 007,Rp 96.900,Rp 78.900,Rp 86.900,CPS 007,Baru
Jual Kaos Pendek Anak Laki-Laki - CPS 076 Murah,cps-076,"
     <div class=""product-details""><!--product-details-->
      <div class=""col-sm-5"">
       <div class=""view-product"">
        <img src=""{{ page.image }}"" alt=""{{ page.product }}"" title=""{{ page.product }}"" />
        <h3><a style=""text-decoration: none; color: #ffffff"" href=""{{ page.image }}"" target=""_blank"" title=""Klik disini untuk memperbesar"">ZOOM</a></h3>
       </div>
      </div>

      <div class=""col-sm-7"">
       <div class=""product-information""><!--/product-information-->
        <h1>{{ page.product }}</h1>
        <p>SKU: {{ page.sku }}</p>
        <img src=""{{ site.url }}/img/rating.png"" alt=""rating"" title=""rating"" /><br>
        <span>
         <span>{{ page.price }}</span>        
         <label>Beli:<a href=""{{ site.url }}/beli"" target=""_blank"" title=""Beli Sekarang"">
           <script type=""text/javascript"">
   <!--
   document.write(unescape('%3c%62%75%74%74%6f%6e%20%74%79%70%65%3d%22%62%75%74%74%6f%6e%22%20%63%6c%61%73%73%3d%22%62%74%6e%20%62%74%6e%2d%66%65%66%61%75%6c%74%20%63%61%72%74%22%3e%0d%0a%09%3c%69%20%63%6c%61%73%73%3d%22%66%61%20%66%61%2d%73%68%6f%70%70%69%6e%67%2d%63%61%72%74%22%3e%3c%2f%69%3e%0d%0a%09%42%65%6c%69%20%53%65%6b%61%72%61%6e%67%0d%0a%3c%2f%62%75%74%74%6f%6e%3e'));
   //-->
   </script>
          </a>
         </label>
        </span>
        {% include dropship-login.html %} 
        <p><b>Kondisi:</b> {{ page.kondisi }}</p>
        <p><b>Deskripsi:</b> {{ page.description }}</p>
        {% include shareit.html %}
       </div><!--/product-information-->
      </div>
     </div><!--/product-details-->
     
     <div class=""category-tab shop-details-tab""><!--category-tab-->
      <div class=""col-sm-12"">
       <ul class=""nav nav-tabs"">
        <li class=""active""><a href=""{{ site.url }}{{ page.url }}#keterangan"" data-toggle=""tab"" title=""Keterangan"">Keterangan</a></li>        
       </ul>
      </div>
      <div class=""tab-content"">
       <div class=""tab-pane fade active in"" id=""keterangan"" >
        <div class=""col-sm-12"">
         <h2>{{ page.product }}</h2>         
         <ol class=""breadcrumb"">
            <li class=""active"">Tag :</li>
            <li><a href=""{{ site.url }}/{{ page.jenis }}"" title=""{{ page.jenis }}"">{{ page.jenis }}</a></li>
            <li><a href=""{{ site.url }}/{{ page.brand }}"" title=""{{ page.brand }}"">{{ page.brand }}</a></li>  
         </ol>         
         <p>Kaos Pendek Anak Laki-Laki - CPS 076 adalah salah satu produk merek Catenzo Junior. Produk fashion handmade asal Bandung yang nyaman digunakan dan tidak pasaran. Cocok untuk anak Anda agar terlihat lebih gaya, tampil berbeda dan percaya diri. <br/>Kode : CPS 076<br/>Warna : TOSKA<br/>Bahan : COTTON<br/>Ukuran : 2 ~ 8<br/>Berat : 300 gram<br/>Info Lainnya = -<br/>Yuk dibeli kak sebelum kehabisan. Sebelum membeli, harap cek/konfirmasi stok dulu ya kak, karena perputaran barang sangat cepat.<br>
         </p>

         <p style=""background-color: #5cb85c; color: #ffffff; padding: 5px; text-align: justify; display: inline-block; box-shadow: 0 1px 3px rgba(0,0,0,0.12), 0 1px 2px rgba(0,0,0,0.24);"">
         Gudang : WRH-1<br>
         Lokasi : Bandung</p>

         {% include disqus.html %}
         
        </div>
       </div>       
       
      </div>
     </div><!--/category-tab-->",2019-01-18,html,kaos-anak-laki-laki,catenzo-junior,kaos-anak-laki-laki,catenzo-junior,"Kaos Anak Laki-Laki Bahan COTTON, Warna TOSKA, Size 2 ~ 8",https://images.lipatan.com/katalog-catenzo-junior-2019/foto-produk-satuan/cps-076.jpg,-/-,-/-,-/-,-/-,-/-,Kaos Pendek Anak Laki-Laki - CPS 076,Rp 102.900,Rp 83.900,Rp 91.900,CPS 076,Baru
Jual Kaos Pendek Anak Laki-Laki - CPS 074 Murah,cps-074,"
     <div class=""product-details""><!--product-details-->
      <div class=""col-sm-5"">
       <div class=""view-product"">
        <img src=""{{ page.image }}"" alt=""{{ page.product }}"" title=""{{ page.product }}"" />
        <h3><a style=""text-decoration: none; color: #ffffff"" href=""{{ page.image }}"" target=""_blank"" title=""Klik disini untuk memperbesar"">ZOOM</a></h3>
       </div>
      </div>

      <div class=""col-sm-7"">
       <div class=""product-information""><!--/product-information-->
        <h1>{{ page.product }}</h1>
        <p>SKU: {{ page.sku }}</p>
        <img src=""{{ site.url }}/img/rating.png"" alt=""rating"" title=""rating"" /><br>
        <span>
         <span>{{ page.price }}</span>        
         <label>Beli:<a href=""{{ site.url }}/beli"" target=""_blank"" title=""Beli Sekarang"">
           <script type=""text/javascript"">
   <!--
   document.write(unescape('%3c%62%75%74%74%6f%6e%20%74%79%70%65%3d%22%62%75%74%74%6f%6e%22%20%63%6c%61%73%73%3d%22%62%74%6e%20%62%74%6e%2d%66%65%66%61%75%6c%74%20%63%61%72%74%22%3e%0d%0a%09%3c%69%20%63%6c%61%73%73%3d%22%66%61%20%66%61%2d%73%68%6f%70%70%69%6e%67%2d%63%61%72%74%22%3e%3c%2f%69%3e%0d%0a%09%42%65%6c%69%20%53%65%6b%61%72%61%6e%67%0d%0a%3c%2f%62%75%74%74%6f%6e%3e'));
   //-->
   </script>
          </a>
         </label>
        </span>
        {% include dropship-login.html %} 
        <p><b>Kondisi:</b> {{ page.kondisi }}</p>
        <p><b>Deskripsi:</b> {{ page.description }}</p>
        {% include shareit.html %}
       </div><!--/product-information-->
      </div>
     </div><!--/product-details-->
     
     <div class=""category-tab shop-details-tab""><!--category-tab-->
      <div class=""col-sm-12"">
       <ul class=""nav nav-tabs"">
        <li class=""active""><a href=""{{ site.url }}{{ page.url }}#keterangan"" data-toggle=""tab"" title=""Keterangan"">Keterangan</a></li>        
       </ul>
      </div>
      <div class=""tab-content"">
       <div class=""tab-pane fade active in"" id=""keterangan"" >
        <div class=""col-sm-12"">
         <h2>{{ page.product }}</h2>         
         <ol class=""breadcrumb"">
            <li class=""active"">Tag :</li>
            <li><a href=""{{ site.url }}/{{ page.jenis }}"" title=""{{ page.jenis }}"">{{ page.jenis }}</a></li>
            <li><a href=""{{ site.url }}/{{ page.brand }}"" title=""{{ page.brand }}"">{{ page.brand }}</a></li>  
         </ol>         
         <p>Kaos Pendek Anak Laki-Laki - CPS 074 adalah salah satu produk merek Catenzo Junior. Produk fashion handmade asal Bandung yang nyaman digunakan dan tidak pasaran. Cocok untuk anak Anda agar terlihat lebih gaya, tampil berbeda dan percaya diri. <br/>Kode : CPS 074<br/>Warna : PUTIH<br/>Bahan : COTTON<br/>Ukuran : 2 ~ 8<br/>Berat : 300 gram<br/>Info Lainnya = -<br/>Yuk dibeli kak sebelum kehabisan. Sebelum membeli, harap cek/konfirmasi stok dulu ya kak, karena perputaran barang sangat cepat.<br>
         </p>

         <p style=""background-color: #5cb85c; color: #ffffff; padding: 5px; text-align: justify; display: inline-block; box-shadow: 0 1px 3px rgba(0,0,0,0.12), 0 1px 2px rgba(0,0,0,0.24);"">
         Gudang : WRH-1<br>
         Lokasi : Bandung</p>

         {% include disqus.html %}
         
        </div>
       </div>       
       
      </div>
     </div><!--/category-tab-->",2019-01-18,html,kaos-anak-laki-laki,catenzo-junior,kaos-anak-laki-laki,catenzo-junior,"Kaos Anak Laki-Laki Bahan COTTON, Warna PUTIH, Size 2 ~ 8",https://images.lipatan.com/katalog-catenzo-junior-2019/foto-produk-satuan/cps-074.jpg,-/-,-/-,-/-,-/-,-/-,Kaos Pendek Anak Laki-Laki - CPS 074,Rp 102.900,Rp 83.900,Rp 91.900,CPS 074,Baru
Jual Kaos Panjang Anak Laki-Laki - CPS 077 Murah,cps-077,"
     <div class=""product-details""><!--product-details-->
      <div class=""col-sm-5"">
       <div class=""view-product"">
        <img src=""{{ page.image }}"" alt=""{{ page.product }}"" title=""{{ page.product }}"" />
        <h3><a style=""text-decoration: none; color: #ffffff"" href=""{{ page.image }}"" target=""_blank"" title=""Klik disini untuk memperbesar"">ZOOM</a></h3>
       </div>
      </div>

      <div class=""col-sm-7"">
       <div class=""product-information""><!--/product-information-->
        <h1>{{ page.product }}</h1>
        <p>SKU: {{ page.sku }}</p>
        <img src=""{{ site.url }}/img/rating.png"" alt=""rating"" title=""rating"" /><br>
        <span>
         <span>{{ page.price }}</span>        
         <label>Beli:<a href=""{{ site.url }}/beli"" target=""_blank"" title=""Beli Sekarang"">
           <script type=""text/javascript"">
   <!--
   document.write(unescape('%3c%62%75%74%74%6f%6e%20%74%79%70%65%3d%22%62%75%74%74%6f%6e%22%20%63%6c%61%73%73%3d%22%62%74%6e%20%62%74%6e%2d%66%65%66%61%75%6c%74%20%63%61%72%74%22%3e%0d%0a%09%3c%69%20%63%6c%61%73%73%3d%22%66%61%20%66%61%2d%73%68%6f%70%70%69%6e%67%2d%63%61%72%74%22%3e%3c%2f%69%3e%0d%0a%09%42%65%6c%69%20%53%65%6b%61%72%61%6e%67%0d%0a%3c%2f%62%75%74%74%6f%6e%3e'));
   //-->
   </script>
          </a>
         </label>
        </span>
        {% include dropship-login.html %} 
        <p><b>Kondisi:</b> {{ page.kondisi }}</p>
        <p><b>Deskripsi:</b> {{ page.description }}</p>
        {% include shareit.html %}
       </div><!--/product-information-->
      </div>
     </div><!--/product-details-->
     
     <div class=""category-tab shop-details-tab""><!--category-tab-->
      <div class=""col-sm-12"">
       <ul class=""nav nav-tabs"">
        <li class=""active""><a href=""{{ site.url }}{{ page.url }}#keterangan"" data-toggle=""tab"" title=""Keterangan"">Keterangan</a></li>        
       </ul>
      </div>
      <div class=""tab-content"">
       <div class=""tab-pane fade active in"" id=""keterangan"" >
        <div class=""col-sm-12"">
         <h2>{{ page.product }}</h2>         
         <ol class=""breadcrumb"">
            <li class=""active"">Tag :</li>
            <li><a href=""{{ site.url }}/{{ page.jenis }}"" title=""{{ page.jenis }}"">{{ page.jenis }}</a></li>
            <li><a href=""{{ site.url }}/{{ page.brand }}"" title=""{{ page.brand }}"">{{ page.brand }}</a></li>  
         </ol>         
         <p>Kaos Panjang Anak Laki-Laki - CPS 077 adalah salah satu produk merek Catenzo Junior. Produk fashion handmade asal Bandung yang nyaman digunakan dan tidak pasaran. Cocok untuk anak Anda agar terlihat lebih gaya, tampil berbeda dan percaya diri. <br/>Kode : CPS 077<br/>Warna : BIRU<br/>Bahan : COTTON<br/>Ukuran : 2 ~ 8<br/>Berat : 300 gram<br/>Info Lainnya = -<br/>Yuk dibeli kak sebelum kehabisan. Sebelum membeli, harap cek/konfirmasi stok dulu ya kak, karena perputaran barang sangat cepat.<br>
         </p>

         <p style=""background-color: #5cb85c; color: #ffffff; padding: 5px; text-align: justify; display: inline-block; box-shadow: 0 1px 3px rgba(0,0,0,0.12), 0 1px 2px rgba(0,0,0,0.24);"">
         Gudang : WRH-1<br>
         Lokasi : Bandung</p>

         {% include disqus.html %}
         
        </div>
       </div>       
       
      </div>
     </div><!--/category-tab-->",2019-01-18,html,kaos-anak-laki-laki,catenzo-junior,kaos-anak-laki-laki,catenzo-junior,"Kaos Anak Laki-Laki Bahan COTTON, Warna BIRU, Size 2 ~ 8",https://images.lipatan.com/katalog-catenzo-junior-2019/foto-produk-satuan/cps-077.jpg,-/-,-/-,-/-,-/-,-/-,Kaos Panjang Anak Laki-Laki - CPS 077,Rp 102.900,Rp 83.900,Rp 91.900,CPS 077,Baru
Jual Kaos Pendek Anak Laki-Laki - CPS 073 Murah,cps-073,"
     <div class=""product-details""><!--product-details-->
      <div class=""col-sm-5"">
       <div class=""view-product"">
        <img src=""{{ page.image }}"" alt=""{{ page.product }}"" title=""{{ page.product }}"" />
        <h3><a style=""text-decoration: none; color: #ffffff"" href=""{{ page.image }}"" target=""_blank"" title=""Klik disini untuk memperbesar"">ZOOM</a></h3>
       </div>
      </div>

      <div class=""col-sm-7"">
       <div class=""product-information""><!--/product-information-->
        <h1>{{ page.product }}</h1>
        <p>SKU: {{ page.sku }}</p>
        <img src=""{{ site.url }}/img/rating.png"" alt=""rating"" title=""rating"" /><br>
        <span>
         <span>{{ page.price }}</span>        
         <label>Beli:<a href=""{{ site.url }}/beli"" target=""_blank"" title=""Beli Sekarang"">
           <script type=""text/javascript"">
   <!--
   document.write(unescape('%3c%62%75%74%74%6f%6e%20%74%79%70%65%3d%22%62%75%74%74%6f%6e%22%20%63%6c%61%73%73%3d%22%62%74%6e%20%62%74%6e%2d%66%65%66%61%75%6c%74%20%63%61%72%74%22%3e%0d%0a%09%3c%69%20%63%6c%61%73%73%3d%22%66%61%20%66%61%2d%73%68%6f%70%70%69%6e%67%2d%63%61%72%74%22%3e%3c%2f%69%3e%0d%0a%09%42%65%6c%69%20%53%65%6b%61%72%61%6e%67%0d%0a%3c%2f%62%75%74%74%6f%6e%3e'));
   //-->
   </script>
          </a>
         </label>
        </span>
        {% include dropship-login.html %} 
        <p><b>Kondisi:</b> {{ page.kondisi }}</p>
        <p><b>Deskripsi:</b> {{ page.description }}</p>
        {% include shareit.html %}
       </div><!--/product-information-->
      </div>
     </div><!--/product-details-->
     
     <div class=""category-tab shop-details-tab""><!--category-tab-->
      <div class=""col-sm-12"">
       <ul class=""nav nav-tabs"">
        <li class=""active""><a href=""{{ site.url }}{{ page.url }}#keterangan"" data-toggle=""tab"" title=""Keterangan"">Keterangan</a></li>        
       </ul>
      </div>
      <div class=""tab-content"">
       <div class=""tab-pane fade active in"" id=""keterangan"" >
        <div class=""col-sm-12"">
         <h2>{{ page.product }}</h2>         
         <ol class=""breadcrumb"">
            <li class=""active"">Tag :</li>
            <li><a href=""{{ site.url }}/{{ page.jenis }}"" title=""{{ page.jenis }}"">{{ page.jenis }}</a></li>
            <li><a href=""{{ site.url }}/{{ page.brand }}"" title=""{{ page.brand }}"">{{ page.brand }}</a></li>  
         </ol>         
         <p>Kaos Pendek Anak Laki-Laki - CPS 073 adalah salah satu produk merek Catenzo Junior. Produk fashion handmade asal Bandung yang nyaman digunakan dan tidak pasaran. Cocok untuk anak Anda agar terlihat lebih gaya, tampil berbeda dan percaya diri. <br/>Kode : CPS 073<br/>Warna : PUTIH<br/>Bahan : COTTON<br/>Ukuran : 2 ~ 8<br/>Berat : 300 gram<br/>Info Lainnya = -<br/>Yuk dibeli kak sebelum kehabisan. Sebelum membeli, harap cek/konfirmasi stok dulu ya kak, karena perputaran barang sangat cepat.<br>
         </p>

         <p style=""background-color: #5cb85c; color: #ffffff; padding: 5px; text-align: justify; display: inline-block; box-shadow: 0 1px 3px rgba(0,0,0,0.12), 0 1px 2px rgba(0,0,0,0.24);"">
         Gudang : WRH-1<br>
         Lokasi : Bandung</p>

         {% include disqus.html %}
         
        </div>
       </div>       
       
      </div>
     </div><!--/category-tab-->",2019-01-18,html,kaos-anak-laki-laki,catenzo-junior,kaos-anak-laki-laki,catenzo-junior,"Kaos Anak Laki-Laki Bahan COTTON, Warna PUTIH, Size 2 ~ 8",https://images.lipatan.com/katalog-catenzo-junior-2019/foto-produk-satuan/cps-073.jpg,-/-,-/-,-/-,-/-,-/-,Kaos Pendek Anak Laki-Laki - CPS 073,Rp 102.900,Rp 83.900,Rp 91.900,CPS 073,Baru
Jual Kaos Kerah Anak Laki-Laki - CPL 104 Murah,cpl-104,"
     <div class=""product-details""><!--product-details-->
      <div class=""col-sm-5"">
       <div class=""view-product"">
        <img src=""{{ page.image }}"" alt=""{{ page.product }}"" title=""{{ page.product }}"" />
        <h3><a style=""text-decoration: none; color: #ffffff"" href=""{{ page.image }}"" target=""_blank"" title=""Klik disini untuk memperbesar"">ZOOM</a></h3>
       </div>
      </div>

      <div class=""col-sm-7"">
       <div class=""product-information""><!--/product-information-->
        <h1>{{ page.product }}</h1>
        <p>SKU: {{ page.sku }}</p>
        <img src=""{{ site.url }}/img/rating.png"" alt=""rating"" title=""rating"" /><br>
        <span>
         <span>{{ page.price }}</span>        
         <label>Beli:<a href=""{{ site.url }}/beli"" target=""_blank"" title=""Beli Sekarang"">
           <script type=""text/javascript"">
   <!--
   document.write(unescape('%3c%62%75%74%74%6f%6e%20%74%79%70%65%3d%22%62%75%74%74%6f%6e%22%20%63%6c%61%73%73%3d%22%62%74%6e%20%62%74%6e%2d%66%65%66%61%75%6c%74%20%63%61%72%74%22%3e%0d%0a%09%3c%69%20%63%6c%61%73%73%3d%22%66%61%20%66%61%2d%73%68%6f%70%70%69%6e%67%2d%63%61%72%74%22%3e%3c%2f%69%3e%0d%0a%09%42%65%6c%69%20%53%65%6b%61%72%61%6e%67%0d%0a%3c%2f%62%75%74%74%6f%6e%3e'));
   //-->
   </script>
          </a>
         </label>
        </span>
        {% include dropship-login.html %} 
        <p><b>Kondisi:</b> {{ page.kondisi }}</p>
        <p><b>Deskripsi:</b> {{ page.description }}</p>
        {% include shareit.html %}
       </div><!--/product-information-->
      </div>
     </div><!--/product-details-->
     
     <div class=""category-tab shop-details-tab""><!--category-tab-->
      <div class=""col-sm-12"">
       <ul class=""nav nav-tabs"">
        <li class=""active""><a href=""{{ site.url }}{{ page.url }}#keterangan"" data-toggle=""tab"" title=""Keterangan"">Keterangan</a></li>        
       </ul>
      </div>
      <div class=""tab-content"">
       <div class=""tab-pane fade active in"" id=""keterangan"" >
        <div class=""col-sm-12"">
         <h2>{{ page.product }}</h2>         
         <ol class=""breadcrumb"">
            <li class=""active"">Tag :</li>
            <li><a href=""{{ site.url }}/{{ page.jenis }}"" title=""{{ page.jenis }}"">{{ page.jenis }}</a></li>
            <li><a href=""{{ site.url }}/{{ page.brand }}"" title=""{{ page.brand }}"">{{ page.brand }}</a></li>  
         </ol>         
         <p>Kaos Kerah Anak Laki-Laki - CPL 104 adalah salah satu produk merek Catenzo Junior. Produk fashion handmade asal Bandung yang nyaman digunakan dan tidak pasaran. Cocok untuk anak Anda agar terlihat lebih gaya, tampil berbeda dan percaya diri. <br/>Kode : CPL 104<br/>Warna : ABU MISTY<br/>Bahan : LACOSTE<br/>Ukuran : 2 ~ 8<br/>Berat : 400 gram<br/>Info Lainnya = -<br/>Yuk dibeli kak sebelum kehabisan. Sebelum membeli, harap cek/konfirmasi stok dulu ya kak, karena perputaran barang sangat cepat.<br>
         </p>

         <p style=""background-color: #5cb85c; color: #ffffff; padding: 5px; text-align: justify; display: inline-block; box-shadow: 0 1px 3px rgba(0,0,0,0.12), 0 1px 2px rgba(0,0,0,0.24);"">
         Gudang : WRH-1<br>
         Lokasi : Bandung</p>

         {% include disqus.html %}
         
        </div>
       </div>       
       
      </div>
     </div><!--/category-tab-->",2019-01-18,html,kaos-anak-laki-laki,catenzo-junior,kaos-anak-laki-laki,catenzo-junior,"Kaos Anak Laki-Laki Bahan LACOSTE, Warna ABU MISTY, Size 2 ~ 8",https://images.lipatan.com/katalog-catenzo-junior-2019/foto-produk-satuan/cpl-104.jpg,-/-,-/-,-/-,-/-,-/-,Kaos Kerah Anak Laki-Laki - CPL 104,Rp 102.900,Rp 83.900,Rp 91.900,CPL 104,Baru
Jual Kaos Pendek Anak Laki-Laki - CPL 108 Murah,cpl-108,"
     <div class=""product-details""><!--product-details-->
      <div class=""col-sm-5"">
       <div class=""view-product"">
        <img src=""{{ page.image }}"" alt=""{{ page.product }}"" title=""{{ page.product }}"" />
        <h3><a style=""text-decoration: none; color: #ffffff"" href=""{{ page.image }}"" target=""_blank"" title=""Klik disini untuk memperbesar"">ZOOM</a></h3>
       </div>
      </div>

      <div class=""col-sm-7"">
       <div class=""product-information""><!--/product-information-->
        <h1>{{ page.product }}</h1>
        <p>SKU: {{ page.sku }}</p>
        <img src=""{{ site.url }}/img/rating.png"" alt=""rating"" title=""rating"" /><br>
        <span>
         <span>{{ page.price }}</span>        
         <label>Beli:<a href=""{{ site.url }}/beli"" target=""_blank"" title=""Beli Sekarang"">
           <script type=""text/javascript"">
   <!--
   document.write(unescape('%3c%62%75%74%74%6f%6e%20%74%79%70%65%3d%22%62%75%74%74%6f%6e%22%20%63%6c%61%73%73%3d%22%62%74%6e%20%62%74%6e%2d%66%65%66%61%75%6c%74%20%63%61%72%74%22%3e%0d%0a%09%3c%69%20%63%6c%61%73%73%3d%22%66%61%20%66%61%2d%73%68%6f%70%70%69%6e%67%2d%63%61%72%74%22%3e%3c%2f%69%3e%0d%0a%09%42%65%6c%69%20%53%65%6b%61%72%61%6e%67%0d%0a%3c%2f%62%75%74%74%6f%6e%3e'));
   //-->
   </script>
          </a>
         </label>
        </span>
        {% include dropship-login.html %} 
        <p><b>Kondisi:</b> {{ page.kondisi }}</p>
        <p><b>Deskripsi:</b> {{ page.description }}</p>
        {% include shareit.html %}
       </div><!--/product-information-->
      </div>
     </div><!--/product-details-->
     
     <div class=""category-tab shop-details-tab""><!--category-tab-->
      <div class=""col-sm-12"">
       <ul class=""nav nav-tabs"">
        <li class=""active""><a href=""{{ site.url }}{{ page.url }}#keterangan"" data-toggle=""tab"" title=""Keterangan"">Keterangan</a></li>        
       </ul>
      </div>
      <div class=""tab-content"">
       <div class=""tab-pane fade active in"" id=""keterangan"" >
        <div class=""col-sm-12"">
         <h2>{{ page.product }}</h2>         
         <ol class=""breadcrumb"">
            <li class=""active"">Tag :</li>
            <li><a href=""{{ site.url }}/{{ page.jenis }}"" title=""{{ page.jenis }}"">{{ page.jenis }}</a></li>
            <li><a href=""{{ site.url }}/{{ page.brand }}"" title=""{{ page.brand }}"">{{ page.brand }}</a></li>  
         </ol>         
         <p>Kaos Pendek Anak Laki-Laki - CPL 108 adalah salah satu produk merek Catenzo Junior. Produk fashion handmade asal Bandung yang nyaman digunakan dan tidak pasaran. Cocok untuk anak Anda agar terlihat lebih gaya, tampil berbeda dan percaya diri. <br/>Kode : CPL 108<br/>Warna : ABU MISTY<br/>Bahan : LACOSTE<br/>Ukuran : 2 ~ 8<br/>Berat : 400 gram<br/>Info Lainnya = -<br/>Yuk dibeli kak sebelum kehabisan. Sebelum membeli, harap cek/konfirmasi stok dulu ya kak, karena perputaran barang sangat cepat.<br>
         </p>

         <p style=""background-color: #5cb85c; color: #ffffff; padding: 5px; text-align: justify; display: inline-block; box-shadow: 0 1px 3px rgba(0,0,0,0.12), 0 1px 2px rgba(0,0,0,0.24);"">
         Gudang : WRH-1<br>
         Lokasi : Bandung</p>

         {% include disqus.html %}
         
        </div>
       </div>       
       
      </div>
     </div><!--/category-tab-->",2019-01-18,html,kaos-anak-laki-laki,catenzo-junior,kaos-anak-laki-laki,catenzo-junior,"Kaos Anak Laki-Laki Bahan LACOSTE, Warna ABU MISTY, Size 2 ~ 8",https://images.lipatan.com/katalog-catenzo-junior-2019/foto-produk-satuan/cpl-108.jpg,-/-,-/-,-/-,-/-,-/-,Kaos Pendek Anak Laki-Laki - CPL 108,Rp 109.900,Rp 89.900,Rp 98.900,CPL 108,Baru
Jual Kaos Pendek Anak Laki-Laki - CPL 107 Murah,cpl-107,"
     <div class=""product-details""><!--product-details-->
      <div class=""col-sm-5"">
       <div class=""view-product"">
        <img src=""{{ page.image }}"" alt=""{{ page.product }}"" title=""{{ page.product }}"" />
        <h3><a style=""text-decoration: none; color: #ffffff"" href=""{{ page.image }}"" target=""_blank"" title=""Klik disini untuk memperbesar"">ZOOM</a></h3>
       </div>
      </div>

      <div class=""col-sm-7"">
       <div class=""product-information""><!--/product-information-->
        <h1>{{ page.product }}</h1>
        <p>SKU: {{ page.sku }}</p>
        <img src=""{{ site.url }}/img/rating.png"" alt=""rating"" title=""rating"" /><br>
        <span>
         <span>{{ page.price }}</span>        
         <label>Beli:<a href=""{{ site.url }}/beli"" target=""_blank"" title=""Beli Sekarang"">
           <script type=""text/javascript"">
   <!--
   document.write(unescape('%3c%62%75%74%74%6f%6e%20%74%79%70%65%3d%22%62%75%74%74%6f%6e%22%20%63%6c%61%73%73%3d%22%62%74%6e%20%62%74%6e%2d%66%65%66%61%75%6c%74%20%63%61%72%74%22%3e%0d%0a%09%3c%69%20%63%6c%61%73%73%3d%22%66%61%20%66%61%2d%73%68%6f%70%70%69%6e%67%2d%63%61%72%74%22%3e%3c%2f%69%3e%0d%0a%09%42%65%6c%69%20%53%65%6b%61%72%61%6e%67%0d%0a%3c%2f%62%75%74%74%6f%6e%3e'));
   //-->
   </script>
          </a>
         </label>
        </span>
        {% include dropship-login.html %} 
        <p><b>Kondisi:</b> {{ page.kondisi }}</p>
        <p><b>Deskripsi:</b> {{ page.description }}</p>
        {% include shareit.html %}
       </div><!--/product-information-->
      </div>
     </div><!--/product-details-->
     
     <div class=""category-tab shop-details-tab""><!--category-tab-->
      <div class=""col-sm-12"">
       <ul class=""nav nav-tabs"">
        <li class=""active""><a href=""{{ site.url }}{{ page.url }}#keterangan"" data-toggle=""tab"" title=""Keterangan"">Keterangan</a></li>        
       </ul>
      </div>
      <div class=""tab-content"">
       <div class=""tab-pane fade active in"" id=""keterangan"" >
        <div class=""col-sm-12"">
         <h2>{{ page.product }}</h2>         
         <ol class=""breadcrumb"">
            <li class=""active"">Tag :</li>
            <li><a href=""{{ site.url }}/{{ page.jenis }}"" title=""{{ page.jenis }}"">{{ page.jenis }}</a></li>
            <li><a href=""{{ site.url }}/{{ page.brand }}"" title=""{{ page.brand }}"">{{ page.brand }}</a></li>  
         </ol>         
         <p>Kaos Pendek Anak Laki-Laki - CPL 107 adalah salah satu produk merek Catenzo Junior. Produk fashion handmade asal Bandung yang nyaman digunakan dan tidak pasaran. Cocok untuk anak Anda agar terlihat lebih gaya, tampil berbeda dan percaya diri. <br/>Kode : CPL 107<br/>Warna : MERAH<br/>Bahan : LACOSTE<br/>Ukuran : 2 ~ 8<br/>Berat : 400 gram<br/>Info Lainnya = -<br/>Yuk dibeli kak sebelum kehabisan. Sebelum membeli, harap cek/konfirmasi stok dulu ya kak, karena perputaran barang sangat cepat.<br>
         </p>

         <p style=""background-color: #5cb85c; color: #ffffff; padding: 5px; text-align: justify; display: inline-block; box-shadow: 0 1px 3px rgba(0,0,0,0.12), 0 1px 2px rgba(0,0,0,0.24);"">
         Gudang : WRH-1<br>
         Lokasi : Bandung</p>

         {% include disqus.html %}
         
        </div>
       </div>       
       
      </div>
     </div><!--/category-tab-->",2019-01-18,html,kaos-anak-laki-laki,catenzo-junior,kaos-anak-laki-laki,catenzo-junior,"Kaos Anak Laki-Laki Bahan LACOSTE, Warna MERAH, Size 2 ~ 8",https://images.lipatan.com/katalog-catenzo-junior-2019/foto-produk-satuan/cpl-107.jpg,-/-,-/-,-/-,-/-,-/-,Kaos Pendek Anak Laki-Laki - CPL 107,Rp 109.900,Rp 89.900,Rp 98.900,CPL 107,Baru
Jual Kaos Pendek Anak Laki-Laki - CPS 078 Murah,cps-078,"
     <div class=""product-details""><!--product-details-->
      <div class=""col-sm-5"">
       <div class=""view-product"">
        <img src=""{{ page.image }}"" alt=""{{ page.product }}"" title=""{{ page.product }}"" />
        <h3><a style=""text-decoration: none; color: #ffffff"" href=""{{ page.image }}"" target=""_blank"" title=""Klik disini untuk memperbesar"">ZOOM</a></h3>
       </div>
      </div>

      <div class=""col-sm-7"">
       <div class=""product-information""><!--/product-information-->
        <h1>{{ page.product }}</h1>
        <p>SKU: {{ page.sku }}</p>
        <img src=""{{ site.url }}/img/rating.png"" alt=""rating"" title=""rating"" /><br>
        <span>
         <span>{{ page.price }}</span>        
         <label>Beli:<a href=""{{ site.url }}/beli"" target=""_blank"" title=""Beli Sekarang"">
           <script type=""text/javascript"">
   <!--
   document.write(unescape('%3c%62%75%74%74%6f%6e%20%74%79%70%65%3d%22%62%75%74%74%6f%6e%22%20%63%6c%61%73%73%3d%22%62%74%6e%20%62%74%6e%2d%66%65%66%61%75%6c%74%20%63%61%72%74%22%3e%0d%0a%09%3c%69%20%63%6c%61%73%73%3d%22%66%61%20%66%61%2d%73%68%6f%70%70%69%6e%67%2d%63%61%72%74%22%3e%3c%2f%69%3e%0d%0a%09%42%65%6c%69%20%53%65%6b%61%72%61%6e%67%0d%0a%3c%2f%62%75%74%74%6f%6e%3e'));
   //-->
   </script>
          </a>
         </label>
        </span>
        {% include dropship-login.html %} 
        <p><b>Kondisi:</b> {{ page.kondisi }}</p>
        <p><b>Deskripsi:</b> {{ page.description }}</p>
        {% include shareit.html %}
       </div><!--/product-information-->
      </div>
     </div><!--/product-details-->
     
     <div class=""category-tab shop-details-tab""><!--category-tab-->
      <div class=""col-sm-12"">
       <ul class=""nav nav-tabs"">
        <li class=""active""><a href=""{{ site.url }}{{ page.url }}#keterangan"" data-toggle=""tab"" title=""Keterangan"">Keterangan</a></li>        
       </ul>
      </div>
      <div class=""tab-content"">
       <div class=""tab-pane fade active in"" id=""keterangan"" >
        <div class=""col-sm-12"">
         <h2>{{ page.product }}</h2>         
         <ol class=""breadcrumb"">
            <li class=""active"">Tag :</li>
            <li><a href=""{{ site.url }}/{{ page.jenis }}"" title=""{{ page.jenis }}"">{{ page.jenis }}</a></li>
            <li><a href=""{{ site.url }}/{{ page.brand }}"" title=""{{ page.brand }}"">{{ page.brand }}</a></li>  
         </ol>         
         <p>Kaos Pendek Anak Laki-Laki - CPS 078 adalah salah satu produk merek Catenzo Junior. Produk fashion handmade asal Bandung yang nyaman digunakan dan tidak pasaran. Cocok untuk anak Anda agar terlihat lebih gaya, tampil berbeda dan percaya diri. <br/>Kode : CPS 078<br/>Warna : PUTIH<br/>Bahan : COTTON<br/>Ukuran : 2 ~ 8<br/>Berat : 300 gram<br/>Info Lainnya = -<br/>Yuk dibeli kak sebelum kehabisan. Sebelum membeli, harap cek/konfirmasi stok dulu ya kak, karena perputaran barang sangat cepat.<br>
         </p>

         <p style=""background-color: #5cb85c; color: #ffffff; padding: 5px; text-align: justify; display: inline-block; box-shadow: 0 1px 3px rgba(0,0,0,0.12), 0 1px 2px rgba(0,0,0,0.24);"">
         Gudang : WRH-1<br>
         Lokasi : Bandung</p>

         {% include disqus.html %}
         
        </div>
       </div>       
       
      </div>
     </div><!--/category-tab-->",2019-01-18,html,kaos-anak-laki-laki,catenzo-junior,kaos-anak-laki-laki,catenzo-junior,"Kaos Anak Laki-Laki Bahan COTTON, Warna PUTIH, Size 2 ~ 8",https://images.lipatan.com/katalog-catenzo-junior-2019/foto-produk-satuan/cps-078.jpg,-/-,-/-,-/-,-/-,-/-,Kaos Pendek Anak Laki-Laki - CPS 078,Rp 102.900,Rp 83.900,Rp 91.900,CPS 078,Baru
Jual Kaos Panjang Anak Laki-Laki - CPS 080 Murah,cps-080,"
     <div class=""product-details""><!--product-details-->
      <div class=""col-sm-5"">
       <div class=""view-product"">
        <img src=""{{ page.image }}"" alt=""{{ page.product }}"" title=""{{ page.product }}"" />
        <h3><a style=""text-decoration: none; color: #ffffff"" href=""{{ page.image }}"" target=""_blank"" title=""Klik disini untuk memperbesar"">ZOOM</a></h3>
       </div>
      </div>

      <div class=""col-sm-7"">
       <div class=""product-information""><!--/product-information-->
        <h1>{{ page.product }}</h1>
        <p>SKU: {{ page.sku }}</p>
        <img src=""{{ site.url }}/img/rating.png"" alt=""rating"" title=""rating"" /><br>
        <span>
         <span>{{ page.price }}</span>        
         <label>Beli:<a href=""{{ site.url }}/beli"" target=""_blank"" title=""Beli Sekarang"">
           <script type=""text/javascript"">
   <!--
   document.write(unescape('%3c%62%75%74%74%6f%6e%20%74%79%70%65%3d%22%62%75%74%74%6f%6e%22%20%63%6c%61%73%73%3d%22%62%74%6e%20%62%74%6e%2d%66%65%66%61%75%6c%74%20%63%61%72%74%22%3e%0d%0a%09%3c%69%20%63%6c%61%73%73%3d%22%66%61%20%66%61%2d%73%68%6f%70%70%69%6e%67%2d%63%61%72%74%22%3e%3c%2f%69%3e%0d%0a%09%42%65%6c%69%20%53%65%6b%61%72%61%6e%67%0d%0a%3c%2f%62%75%74%74%6f%6e%3e'));
   //-->
   </script>
          </a>
         </label>
        </span>
        {% include dropship-login.html %} 
        <p><b>Kondisi:</b> {{ page.kondisi }}</p>
        <p><b>Deskripsi:</b> {{ page.description }}</p>
        {% include shareit.html %}
       </div><!--/product-information-->
      </div>
     </div><!--/product-details-->
     
     <div class=""category-tab shop-details-tab""><!--category-tab-->
      <div class=""col-sm-12"">
       <ul class=""nav nav-tabs"">
        <li class=""active""><a href=""{{ site.url }}{{ page.url }}#keterangan"" data-toggle=""tab"" title=""Keterangan"">Keterangan</a></li>        
       </ul>
      </div>
      <div class=""tab-content"">
       <div class=""tab-pane fade active in"" id=""keterangan"" >
        <div class=""col-sm-12"">
         <h2>{{ page.product }}</h2>         
         <ol class=""breadcrumb"">
            <li class=""active"">Tag :</li>
            <li><a href=""{{ site.url }}/{{ page.jenis }}"" title=""{{ page.jenis }}"">{{ page.jenis }}</a></li>
            <li><a href=""{{ site.url }}/{{ page.brand }}"" title=""{{ page.brand }}"">{{ page.brand }}</a></li>  
         </ol>         
         <p>Kaos Panjang Anak Laki-Laki - CPS 080 adalah salah satu produk merek Catenzo Junior. Produk fashion handmade asal Bandung yang nyaman digunakan dan tidak pasaran. Cocok untuk anak Anda agar terlihat lebih gaya, tampil berbeda dan percaya diri. <br/>Kode : CPS 080<br/>Warna : PUTIH<br/>Bahan : COTTON<br/>Ukuran : 2 ~ 8<br/>Berat : 300 gram<br/>Info Lainnya = -<br/>Yuk dibeli kak sebelum kehabisan. Sebelum membeli, harap cek/konfirmasi stok dulu ya kak, karena perputaran barang sangat cepat.<br>
         </p>

         <p style=""background-color: #5cb85c; color: #ffffff; padding: 5px; text-align: justify; display: inline-block; box-shadow: 0 1px 3px rgba(0,0,0,0.12), 0 1px 2px rgba(0,0,0,0.24);"">
         Gudang : WRH-1<br>
         Lokasi : Bandung</p>

         {% include disqus.html %}
         
        </div>
       </div>       
       
      </div>
     </div><!--/category-tab-->",2019-01-18,html,kaos-anak-laki-laki,catenzo-junior,kaos-anak-laki-laki,catenzo-junior,"Kaos Anak Laki-Laki Bahan COTTON, Warna PUTIH, Size 2 ~ 8",https://images.lipatan.com/katalog-catenzo-junior-2019/foto-produk-satuan/cps-080.jpg,-/-,-/-,-/-,-/-,-/-,Kaos Panjang Anak Laki-Laki - CPS 080,Rp 104.900,Rp 84.900,Rp 93.900,CPS 080,Baru
Jual Kaos Panjang Anak Laki-Laki - CPS 081 Murah,cps-081,"
     <div class=""product-details""><!--product-details-->
      <div class=""col-sm-5"">
       <div class=""view-product"">
        <img src=""{{ page.image }}"" alt=""{{ page.product }}"" title=""{{ page.product }}"" />
        <h3><a style=""text-decoration: none; color: #ffffff"" href=""{{ page.image }}"" target=""_blank"" title=""Klik disini untuk memperbesar"">ZOOM</a></h3>
       </div>
      </div>

      <div class=""col-sm-7"">
       <div class=""product-information""><!--/product-information-->
        <h1>{{ page.product }}</h1>
        <p>SKU: {{ page.sku }}</p>
        <img src=""{{ site.url }}/img/rating.png"" alt=""rating"" title=""rating"" /><br>
        <span>
         <span>{{ page.price }}</span>        
         <label>Beli:<a href=""{{ site.url }}/beli"" target=""_blank"" title=""Beli Sekarang"">
           <script type=""text/javascript"">
   <!--
   document.write(unescape('%3c%62%75%74%74%6f%6e%20%74%79%70%65%3d%22%62%75%74%74%6f%6e%22%20%63%6c%61%73%73%3d%22%62%74%6e%20%62%74%6e%2d%66%65%66%61%75%6c%74%20%63%61%72%74%22%3e%0d%0a%09%3c%69%20%63%6c%61%73%73%3d%22%66%61%20%66%61%2d%73%68%6f%70%70%69%6e%67%2d%63%61%72%74%22%3e%3c%2f%69%3e%0d%0a%09%42%65%6c%69%20%53%65%6b%61%72%61%6e%67%0d%0a%3c%2f%62%75%74%74%6f%6e%3e'));
   //-->
   </script>
          </a>
         </label>
        </span>
        {% include dropship-login.html %} 
        <p><b>Kondisi:</b> {{ page.kondisi }}</p>
        <p><b>Deskripsi:</b> {{ page.description }}</p>
        {% include shareit.html %}
       </div><!--/product-information-->
      </div>
     </div><!--/product-details-->
     
     <div class=""category-tab shop-details-tab""><!--category-tab-->
      <div class=""col-sm-12"">
       <ul class=""nav nav-tabs"">
        <li class=""active""><a href=""{{ site.url }}{{ page.url }}#keterangan"" data-toggle=""tab"" title=""Keterangan"">Keterangan</a></li>        
       </ul>
      </div>
      <div class=""tab-content"">
       <div class=""tab-pane fade active in"" id=""keterangan"" >
        <div class=""col-sm-12"">
         <h2>{{ page.product }}</h2>         
         <ol class=""breadcrumb"">
            <li class=""active"">Tag :</li>
            <li><a href=""{{ site.url }}/{{ page.jenis }}"" title=""{{ page.jenis }}"">{{ page.jenis }}</a></li>
            <li><a href=""{{ site.url }}/{{ page.brand }}"" title=""{{ page.brand }}"">{{ page.brand }}</a></li>  
         </ol>         
         <p>Kaos Panjang Anak Laki-Laki - CPS 081 adalah salah satu produk merek Catenzo Junior. Produk fashion handmade asal Bandung yang nyaman digunakan dan tidak pasaran. Cocok untuk anak Anda agar terlihat lebih gaya, tampil berbeda dan percaya diri. <br/>Kode : CPS 081<br/>Warna : BIRU NAVY<br/>Bahan : COTTON<br/>Ukuran : 2 ~ 8<br/>Berat : 300 gram<br/>Info Lainnya = -<br/>Yuk dibeli kak sebelum kehabisan. Sebelum membeli, harap cek/konfirmasi stok dulu ya kak, karena perputaran barang sangat cepat.<br>
         </p>

         <p style=""background-color: #5cb85c; color: #ffffff; padding: 5px; text-align: justify; display: inline-block; box-shadow: 0 1px 3px rgba(0,0,0,0.12), 0 1px 2px rgba(0,0,0,0.24);"">
         Gudang : WRH-1<br>
         Lokasi : Bandung</p>

         {% include disqus.html %}
         
        </div>
       </div>       
       
      </div>
     </div><!--/category-tab-->",2019-01-18,html,kaos-anak-laki-laki,catenzo-junior,kaos-anak-laki-laki,catenzo-junior,"Kaos Anak Laki-Laki Bahan COTTON, Warna BIRU NAVY, Size 2 ~ 8",https://images.lipatan.com/katalog-catenzo-junior-2019/foto-produk-satuan/cps-081.jpg,-/-,-/-,-/-,-/-,-/-,Kaos Panjang Anak Laki-Laki - CPS 081,Rp 104.900,Rp 84.900,Rp 93.900,CPS 081,Baru
Jual Overall Pendek Bayi Laki-Laki - CPL 703 Murah,cpl-703,"
     <div class=""product-details""><!--product-details-->
      <div class=""col-sm-5"">
       <div class=""view-product"">
        <img src=""{{ page.image }}"" alt=""{{ page.product }}"" title=""{{ page.product }}"" />
        <h3><a style=""text-decoration: none; color: #ffffff"" href=""{{ page.image }}"" target=""_blank"" title=""Klik disini untuk memperbesar"">ZOOM</a></h3>
       </div>
      </div>

      <div class=""col-sm-7"">
       <div class=""product-information""><!--/product-information-->
        <h1>{{ page.product }}</h1>
        <p>SKU: {{ page.sku }}</p>
        <img src=""{{ site.url }}/img/rating.png"" alt=""rating"" title=""rating"" /><br>
        <span>
         <span>{{ page.price }}</span>        
         <label>Beli:<a href=""{{ site.url }}/beli"" target=""_blank"" title=""Beli Sekarang"">
           <script type=""text/javascript"">
   <!--
   document.write(unescape('%3c%62%75%74%74%6f%6e%20%74%79%70%65%3d%22%62%75%74%74%6f%6e%22%20%63%6c%61%73%73%3d%22%62%74%6e%20%62%74%6e%2d%66%65%66%61%75%6c%74%20%63%61%72%74%22%3e%0d%0a%09%3c%69%20%63%6c%61%73%73%3d%22%66%61%20%66%61%2d%73%68%6f%70%70%69%6e%67%2d%63%61%72%74%22%3e%3c%2f%69%3e%0d%0a%09%42%65%6c%69%20%53%65%6b%61%72%61%6e%67%0d%0a%3c%2f%62%75%74%74%6f%6e%3e'));
   //-->
   </script>
          </a>
         </label>
        </span>
        {% include dropship-login.html %} 
        <p><b>Kondisi:</b> {{ page.kondisi }}</p>
        <p><b>Deskripsi:</b> {{ page.description }}</p>
        {% include shareit.html %}
       </div><!--/product-information-->
      </div>
     </div><!--/product-details-->
     
     <div class=""category-tab shop-details-tab""><!--category-tab-->
      <div class=""col-sm-12"">
       <ul class=""nav nav-tabs"">
        <li class=""active""><a href=""{{ site.url }}{{ page.url }}#keterangan"" data-toggle=""tab"" title=""Keterangan"">Keterangan</a></li>        
       </ul>
      </div>
      <div class=""tab-content"">
       <div class=""tab-pane fade active in"" id=""keterangan"" >
        <div class=""col-sm-12"">
         <h2>{{ page.product }}</h2>         
         <ol class=""breadcrumb"">
            <li class=""active"">Tag :</li>
            <li><a href=""{{ site.url }}/{{ page.jenis }}"" title=""{{ page.jenis }}"">{{ page.jenis }}</a></li>
            <li><a href=""{{ site.url }}/{{ page.brand }}"" title=""{{ page.brand }}"">{{ page.brand }}</a></li>  
         </ol>         
         <p>Overall Pendek Bayi Laki-Laki - CPL 703 adalah salah satu produk merek Catenzo Junior. Produk fashion handmade asal Bandung yang nyaman digunakan dan tidak pasaran. Cocok untuk anak Anda agar terlihat lebih gaya, tampil berbeda dan percaya diri. <br/>Kode : CPL 703<br/>Warna : MERAH BATA<br/>Bahan : COTTON<br/>Ukuran : 12BLN ~ 36BLN<br/>Berat : 500 gram<br/>Info Lainnya = -<br/>Yuk dibeli kak sebelum kehabisan. Sebelum membeli, harap cek/konfirmasi stok dulu ya kak, karena perputaran barang sangat cepat.<br>
         </p>

         <p style=""background-color: #5cb85c; color: #ffffff; padding: 5px; text-align: justify; display: inline-block; box-shadow: 0 1px 3px rgba(0,0,0,0.12), 0 1px 2px rgba(0,0,0,0.24);"">
         Gudang : WRH-1<br>
         Lokasi : Bandung</p>

         {% include disqus.html %}
         
        </div>
       </div>       
       
      </div>
     </div><!--/category-tab-->",2019-01-18,html,kaos-anak-laki-laki,catenzo-junior,kaos-anak-laki-laki,catenzo-junior,"Kaos Anak Laki-Laki Bahan COTTON, Warna MERAH BATA, Size 12BLN ~ 36BLN",https://images.lipatan.com/katalog-catenzo-junior-2019/foto-produk-satuan/cpl-703.jpg,-/-,-/-,-/-,-/-,-/-,Overall Pendek Bayi Laki-Laki - CPL 703,Rp 99.900,Rp 80.900,Rp 89.900,CPL 703,Baru
Jual T Shirt Baby Lengan Pendek Bayi Laki-Laki - CSG 255 Murah,csg-255,"
     <div class=""product-details""><!--product-details-->
      <div class=""col-sm-5"">
       <div class=""view-product"">
        <img src=""{{ page.image }}"" alt=""{{ page.product }}"" title=""{{ page.product }}"" />
        <h3><a style=""text-decoration: none; color: #ffffff"" href=""{{ page.image }}"" target=""_blank"" title=""Klik disini untuk memperbesar"">ZOOM</a></h3>
       </div>
      </div>

      <div class=""col-sm-7"">
       <div class=""product-information""><!--/product-information-->
        <h1>{{ page.product }}</h1>
        <p>SKU: {{ page.sku }}</p>
        <img src=""{{ site.url }}/img/rating.png"" alt=""rating"" title=""rating"" /><br>
        <span>
         <span>{{ page.price }}</span>        
         <label>Beli:<a href=""{{ site.url }}/beli"" target=""_blank"" title=""Beli Sekarang"">
           <script type=""text/javascript"">
   <!--
   document.write(unescape('%3c%62%75%74%74%6f%6e%20%74%79%70%65%3d%22%62%75%74%74%6f%6e%22%20%63%6c%61%73%73%3d%22%62%74%6e%20%62%74%6e%2d%66%65%66%61%75%6c%74%20%63%61%72%74%22%3e%0d%0a%09%3c%69%20%63%6c%61%73%73%3d%22%66%61%20%66%61%2d%73%68%6f%70%70%69%6e%67%2d%63%61%72%74%22%3e%3c%2f%69%3e%0d%0a%09%42%65%6c%69%20%53%65%6b%61%72%61%6e%67%0d%0a%3c%2f%62%75%74%74%6f%6e%3e'));
   //-->
   </script>
          </a>
         </label>
        </span>
        {% include dropship-login.html %} 
        <p><b>Kondisi:</b> {{ page.kondisi }}</p>
        <p><b>Deskripsi:</b> {{ page.description }}</p>
        {% include shareit.html %}
       </div><!--/product-information-->
      </div>
     </div><!--/product-details-->
     
     <div class=""category-tab shop-details-tab""><!--category-tab-->
      <div class=""col-sm-12"">
       <ul class=""nav nav-tabs"">
        <li class=""active""><a href=""{{ site.url }}{{ page.url }}#keterangan"" data-toggle=""tab"" title=""Keterangan"">Keterangan</a></li>        
       </ul>
      </div>
      <div class=""tab-content"">
       <div class=""tab-pane fade active in"" id=""keterangan"" >
        <div class=""col-sm-12"">
         <h2>{{ page.product }}</h2>         
         <ol class=""breadcrumb"">
            <li class=""active"">Tag :</li>
            <li><a href=""{{ site.url }}/{{ page.jenis }}"" title=""{{ page.jenis }}"">{{ page.jenis }}</a></li>
            <li><a href=""{{ site.url }}/{{ page.brand }}"" title=""{{ page.brand }}"">{{ page.brand }}</a></li>  
         </ol>         
         <p>T Shirt Baby Lengan Pendek Bayi Laki-Laki - CSG 255 adalah salah satu produk merek Catenzo Junior. Produk fashion handmade asal Bandung yang nyaman digunakan dan tidak pasaran. Cocok untuk anak Anda agar terlihat lebih gaya, tampil berbeda dan percaya diri. <br/>Kode : CSG 255<br/>Warna : BIRU<br/>Bahan : COTTON<br/>Ukuran : AS<br/>Berat : 300 gram<br/>Info Lainnya = -<br/>Yuk dibeli kak sebelum kehabisan. Sebelum membeli, harap cek/konfirmasi stok dulu ya kak, karena perputaran barang sangat cepat.<br>
         </p>

         <p style=""background-color: #5cb85c; color: #ffffff; padding: 5px; text-align: justify; display: inline-block; box-shadow: 0 1px 3px rgba(0,0,0,0.12), 0 1px 2px rgba(0,0,0,0.24);"">
         Gudang : WRH-1<br>
         Lokasi : Bandung</p>

         {% include disqus.html %}
         
        </div>
       </div>       
       
      </div>
     </div><!--/category-tab-->",2019-01-18,html,kaos-anak-laki-laki,catenzo-junior,kaos-anak-laki-laki,catenzo-junior,"Kaos Anak Laki-Laki Bahan COTTON, Warna BIRU, Size AS",https://images.lipatan.com/katalog-catenzo-junior-2019/foto-produk-satuan/csg-255.jpg,-/-,-/-,-/-,-/-,-/-,T Shirt Baby Lengan Pendek Bayi Laki-Laki - CSG 255,Rp 84.900,Rp 68.900,Rp 75.900,CSG 255,Baru
